{
  "Grassland": {
    "ndvi": [
      0.7031799999999999,
      0.7563599999999999,
      0.79746,
      0.819,
      0.8453199999999998,
      0.8145599999999998,
      0.8178799999999999,
      0.8211400000000001,
      0.8244399999999998,
      0.82778,
      0.9050800000000001,
      0.64134
    ],
    "ndre": [
      0.5078400000000001,
      0.53566,
      0.6105600000000001,
      0.6087400000000001,
      0.6567999999999998,
      0.60466,
      0.6015,
      0.59832,
      0.5952,
      0.592,
      0.65242,
      0.42964
    ]
  },
  "Spring Barley": {
    "ndvi": [
      0.47587999999999997,
      0.48524,
      0.58716,
      0.68312,
      0.76686,
      0.8118000000000001,
      0.7849600000000001,
      0.75812,
      0.7312799999999999,
      0.70442,
      0.67506,
      0.62848
    ],
    "ndre": [
      0.2779,
      0.28958000000000006,
      0.35663999999999996,
      0.42626,
      0.52256,
      0.54786,
      0.53306,
      0.5183,
      0.50348,
      0.4887,
      0.40396,
      0.36202
    ]
  },
  "Winter Wheat": {
    "ndvi": [
      0.3415,
      0.3794,
      0.40363999999999994,
      0.50964,
      0.46426,
      0.48129999999999995,
      0.45309999999999995,
      0.42488000000000004,
      0.39668000000000003,
      0.36848,
      0.36122,
      0.46560000000000007
    ],
    "ndre": [
      0.21166000000000001,
      0.23152,
      0.24471999999999997,
      0.36284,
      0.34106000000000003,
      0.33018000000000003,
      0.2806,
      0.23102,
      0.18148,
      0.1319,
      0.03666,
      0.22437999999999997
    ]
  },
  "Oilseed Rape": {
    "ndvi": [
      0.52602,
      0.5308599999999999,
      0.5641399999999999,
      0.6306800000000001,
      0.6996600000000001,
      0.67636,
      0.64712,
      0.61792,
      0.58872,
      0.55948,
      0.6292199999999999,
      0.62158
    ],
    "ndre": [
      0.2843,
      0.29532,
      0.34998000000000007,
      0.42074,
      0.50428,
      0.45666,
      0.42534,
      0.39408000000000004,
      0.36279999999999996,
      0.33147999999999994,
      0.37202,
      0.37428
    ]
  },
  "Oats": {
    "ndvi": [
      0.52302,
      0.56928,
      0.5919000000000001,
      0.48385999999999996,
      0.5297,
      0.62902,
      0.63806,
      0.6471,
      0.65614,
      0.6651400000000001,
      0.71036,
      0.759
    ],
    "ndre": [
      0.35137999999999997,
      0.38648,
      0.40282,
      0.36676000000000003,
      0.36886,
      0.47628000000000004,
      0.46651999999999993,
      0.45678,
      0.44700000000000006,
      0.43723999999999996,
      0.44688,
      0.5038
    ]
  }
}